{
    "status": "OK",
    "copyright": "Copyright (c) 2021 The New York Times Company.  All Rights Reserved.",
    "num_results": 20,
    "results": [
        {
            "uri": "nyt://article/aa4d3519-c4af-5154-a0e2-cbcc0a456339",
            "url": "https://www.nytimes.com/2021/11/17/nyregion/malcolm-x-killing-exonerated.html",
            "id": 100000008042674,
            "asset_id": 100000008042674,
            "source": "New York Times",
            "published_date": "2021-11-17",
            "updated": "2021-11-18 10:11:43",
            "section": "New York",
            "subsection": "",
            "nytdsection": "new york",
            "adx_keywords": "Assassinations and Attempted Assassinations;False Arrests, Convictions and Imprisonments;Black People;Civil Rights Movement (1954-68);Malcolm X;Aziz, Muhammad A;Islam, Khalil",
            "column": null,
            "byline": "By Ashley Southall and Jonah E. Bromwich",
            "type": "Article",
            "title": "2 Men Convicted of Killing Malcolm X Will Be Exonerated After Decades",
            "abstract": "The 1966 convictions of the two men are expected to be thrown out after a lengthy investigation, validating long-held doubts about who killed the civil rights leader.",
            "des_facet": [
                "Assassinations and Attempted Assassinations",
                "False Arrests, Convictions and Imprisonments",
                "Black People",
                "Civil Rights Movement (1954-68)"
            ],
            "org_facet": [],
            "per_facet": [
                "Malcolm X",
                "Aziz, Muhammad A",
                "Islam, Khalil"
            ],
            "geo_facet": [],
            "media": [
                {
                    "type": "image",
                    "subtype": "photo",
                    "caption": "",
                    "copyright": "Photographs by Associated Press",
                    "approved_for_syndication": 1,
                    "media-metadata": [
                        {
                            "url": "https://static01.nyt.com/images/2021/11/16/nyregion/17malcolmx/16malcolmx-exoneration-thumbStandard.jpg",
                            "format": "Standard Thumbnail",
                            "height": 75,
                            "width": 75
                        },
                        {
                            "url": "https://static01.nyt.com/images/2021/11/16/nyregion/17malcolmx/17malcolmx-mediumThreeByTwo210-v2.jpg",
                            "format": "mediumThreeByTwo210",
                            "height": 140,
                            "width": 210
                        },
                        {
                            "url": "https://static01.nyt.com/images/2021/11/16/nyregion/17malcolmx/17malcolmx-mediumThreeByTwo440-v2.jpg",
                            "format": "mediumThreeByTwo440",
                            "height": 293,
                            "width": 440
                        }
                    ]
                }
            ],
            "eta_id": 0
        },
        {
            "uri": "nyt://article/2fc09bad-6002-5a78-a927-50ca84cd9d17",
            "url": "https://www.nytimes.com/2021/11/17/us/politics/paul-gosar-video.html",
            "id": 100000008079882,
            "asset_id": 100000008079882,
            "source": "New York Times",
            "published_date": "2021-11-17",
            "updated": "2021-11-18 10:36:55",
            "section": "U.S.",
            "subsection": "Politics",
            "nytdsection": "u.s.",
            "adx_keywords": "Social Media;Ethics and Official Misconduct;United States Politics and Government;Gosar, Paul (1958- );Ocasio-Cortez, Alexandria;Biden, Joseph R Jr;House of Representatives;Democratic Party;Republican Party;Arizona",
            "column": null,
            "byline": "By Jonathan Weisman and Catie Edmondson",
            "type": "Article",
            "title": "House, Mostly Along Party Lines, Censures Gosar for Violent Video",
            "abstract": "The Arizona Republican is the first member of the House to be formally rebuked in more than a decade. He was also removed from two committees.",
            "des_facet": [
                "Social Media",
                "Ethics and Official Misconduct",
                "United States Politics and Government"
            ],
            "org_facet": [
                "House of Representatives",
                "Democratic Party",
                "Republican Party"
            ],
            "per_facet": [
                "Gosar, Paul (1958- )",
                "Ocasio-Cortez, Alexandria",
                "Biden, Joseph R Jr"
            ],
            "geo_facet": [
                "Arizona"
            ],
            "media": [],
            "eta_id": 0
        },
        {
            "uri": "nyt://article/03bcf6f7-9a4b-5a00-9807-11ba6385cfed",
            "url": "https://www.nytimes.com/2021/11/16/well/eat/stickers-fruits-vegetables.html",
            "id": 100000007999584,
            "asset_id": 100000007999584,
            "source": "New York Times",
            "published_date": "2021-11-16",
            "updated": "2021-11-16 15:47:39",
            "section": "Well",
            "subsection": "Eat",
            "nytdsection": "well",
            "adx_keywords": "Labeling and Labels (Product);Waste Materials and Disposal;Compost;Fruit;Recycling of Waste Materials;Vegetables;Adhesives;Content Type: Service",
            "column": null,
            "byline": "By Sophie Egan",
            "type": "Article",
            "title": "Does It Matter if I Eat the Stickers on Fruits and Vegetables?",
            "abstract": "They won’t cause you any harm, but there are reasons to remove them before taking a bite.",
            "des_facet": [
                "Labeling and Labels (Product)",
                "Waste Materials and Disposal",
                "Compost",
                "Fruit",
                "Recycling of Waste Materials",
                "Vegetables",
                "Adhesives",
                "Content Type: Service"
            ],
            "org_facet": [],
            "per_facet": [],
            "geo_facet": [],
            "media": [
                {
                    "type": "image",
                    "subtype": "photo",
                    "caption": "",
                    "copyright": "Aileen Son for The New York Times",
                    "approved_for_syndication": 1,
                    "media-metadata": [
                        {
                            "url": "https://static01.nyt.com/images/2021/09/30/well/00askwell-stickers1/00askwell-stickers1-thumbStandard.jpg",
                            "format": "Standard Thumbnail",
                            "height": 75,
                            "width": 75
                        },
                        {
                            "url": "https://static01.nyt.com/images/2021/09/30/well/00askwell-stickers1/00askwell-stickers1-mediumThreeByTwo210.jpg",
                            "format": "mediumThreeByTwo210",
                            "height": 140,
                            "width": 210
                        },
                        {
                            "url": "https://static01.nyt.com/images/2021/09/30/well/00askwell-stickers1/00askwell-stickers1-mediumThreeByTwo440.jpg",
                            "format": "mediumThreeByTwo440",
                            "height": 293,
                            "width": 440
                        }
                    ]
                }
            ],
            "eta_id": 0
        },
        {
            "uri": "nyt://article/495fa5d8-d285-5d51-8ec0-ec147245554e",
            "url": "https://www.nytimes.com/2021/11/15/style/adele-oprah-white-pantsuit.html",
            "id": 100000008076798,
            "asset_id": 100000008076798,
            "source": "New York Times",
            "published_date": "2021-11-15",
            "updated": "2021-11-18 00:47:15",
            "section": "Style",
            "subsection": "",
            "nytdsection": "style",
            "adx_keywords": "Women and Girls;Fashion and Apparel;Suits (Apparel);Women's Rights;your-feed-fashion;Adele (Singer);Rogers, Christopher John;Winfrey, Oprah;Los Angeles (Calif)",
            "column": null,
            "byline": "By Vanessa Friedman",
            "type": "Article",
            "title": "Adele, Dressed for Power",
            "abstract": "The gown Adele wore for her “One Night Only” concert was fit for a diva, but the white pantsuit she wore for her Oprah interview made an even stronger statement.",
            "des_facet": [
                "Women and Girls",
                "Fashion and Apparel",
                "Suits (Apparel)",
                "Women's Rights",
                "your-feed-fashion"
            ],
            "org_facet": [],
            "per_facet": [
                "Adele (Singer)",
                "Rogers, Christopher John",
                "Winfrey, Oprah"
            ],
            "geo_facet": [
                "Los Angeles (Calif)"
            ],
            "media": [
                {
                    "type": "image",
                    "subtype": "photo",
                    "caption": "Adele wore a Christopher John Rogers white pantsuit while being interviewed by Oprah Winfrey.",
                    "copyright": "Joe Pugliese/Harpo Productions",
                    "approved_for_syndication": 1,
                    "media-metadata": [
                        {
                            "url": "https://static01.nyt.com/images/2021/11/18/opinion/15ADELE-STYLE-2/15ADELE-STYLE-2-thumbStandard.jpg",
                            "format": "Standard Thumbnail",
                            "height": 75,
                            "width": 75
                        },
                        {
                            "url": "https://static01.nyt.com/images/2021/11/18/opinion/15ADELE-STYLE-2/15ADELE-STYLE-2-mediumThreeByTwo210.jpg",
                            "format": "mediumThreeByTwo210",
                            "height": 140,
                            "width": 210
                        },
                        {
                            "url": "https://static01.nyt.com/images/2021/11/18/opinion/15ADELE-STYLE-2/15ADELE-STYLE-2-mediumThreeByTwo440.jpg",
                            "format": "mediumThreeByTwo440",
                            "height": 293,
                            "width": 440
                        }
                    ]
                }
            ],
            "eta_id": 0
        },
        {
            "uri": "nyt://article/1078370d-44d8-555d-a295-3f6ae107b9f8",
            "url": "https://www.nytimes.com/2021/11/17/opinion/democrats-midterms-biden.html",
            "id": 100000008080111,
            "asset_id": 100000008080111,
            "source": "New York Times",
            "published_date": "2021-11-17",
            "updated": "2021-11-18 13:40:32",
            "section": "Opinion",
            "subsection": "",
            "nytdsection": "opinion",
            "adx_keywords": "Midterm Elections (2022);Presidential Election of 2024;Elections, House of Representatives;Elections, Senate;United States Economy;Infrastructure Investment and Jobs Act (2021);United States Politics and Government;Biden, Joseph R Jr;Democratic Party;Republican Party;House of Representatives;Senate",
            "column": null,
            "byline": "By Thomas B. Edsall",
            "type": "Article",
            "title": "Democrats Shouldn’t Panic. They Should Go Into Shock.",
            "abstract": "“No administration is going to thrive in that economic environment.”",
            "des_facet": [
                "Midterm Elections (2022)",
                "Presidential Election of 2024",
                "Elections, House of Representatives",
                "Elections, Senate",
                "United States Economy",
                "Infrastructure Investment and Jobs Act (2021)",
                "United States Politics and Government"
            ],
            "org_facet": [
                "Democratic Party",
                "Republican Party",
                "House of Representatives",
                "Senate"
            ],
            "per_facet": [
                "Biden, Joseph R Jr"
            ],
            "geo_facet": [],
            "media": [
                {
                    "type": "image",
                    "subtype": "photo",
                    "caption": "Disappointed supporters of Terry McAuliffe, who lost the governor’s race in Virginia to Glenn Youngkin, a Republican. It may be a while before Democrats have much to cheer about. ",
                    "copyright": "Doug Mills/The New York Times",
                    "approved_for_syndication": 1,
                    "media-metadata": [
                        {
                            "url": "https://static01.nyt.com/images/2021/11/17/opinion/17edsall-image/17edsall-image-thumbStandard.jpg",
                            "format": "Standard Thumbnail",
                            "height": 75,
                            "width": 75
                        },
                        {
                            "url": "https://static01.nyt.com/images/2021/11/17/opinion/17edsall-image/17edsall-image-mediumThreeByTwo210.jpg",
                            "format": "mediumThreeByTwo210",
                            "height": 140,
                            "width": 210
                        },
                        {
                            "url": "https://static01.nyt.com/images/2021/11/17/opinion/17edsall-image/17edsall-image-mediumThreeByTwo440.jpg",
                            "format": "mediumThreeByTwo440",
                            "height": 293,
                            "width": 440
                        }
                    ]
                }
            ],
            "eta_id": 0
        },
        {
            "uri": "nyt://article/950e337a-5244-551c-8d38-d726094358c1",
            "url": "https://www.nytimes.com/2021/11/16/arts/design/frida-kahlo-painting-diego-y-yo-auction.html",
            "id": 100000008079279,
            "asset_id": 100000008079279,
            "source": "New York Times",
            "published_date": "2021-11-16",
            "updated": "2021-11-17 12:12:15",
            "section": "Arts",
            "subsection": "Art & Design",
            "nytdsection": "arts",
            "adx_keywords": "Art;Auctions;Kahlo, Frida;Rivera, Diego;Sotheby's;Latin America",
            "column": null,
            "byline": "By Zachary Small",
            "type": "Article",
            "title": "Frida Kahlo Self-Portrait Sells for $34.9 Million",
            "abstract": "The sale at Sotheby’s on Tuesday was a benchmark for Kahlo and was the most valuable work of Latin American art ever sold at auction.",
            "des_facet": [
                "Art",
                "Auctions"
            ],
            "org_facet": [
                "Sotheby's"
            ],
            "per_facet": [
                "Kahlo, Frida",
                "Rivera, Diego"
            ],
            "geo_facet": [
                "Latin America"
            ],
            "media": [
                {
                    "type": "image",
                    "subtype": "photo",
                    "caption": "Frida Kahlo’s “Diego and I,” from 1949, sold for $34.9 million at a Sotheby’s auction on Tuesday.",
                    "copyright": "via Sotheby’s",
                    "approved_for_syndication": 0,
                    "media-metadata": [
                        {
                            "url": "https://static01.nyt.com/images/2021/11/16/arts/16frida-kahlo-auctio-1/16frida-kahlo-auctio-1-thumbStandard.jpg",
                            "format": "Standard Thumbnail",
                            "height": 75,
                            "width": 75
                        },
                        {
                            "url": "https://static01.nyt.com/images/2021/11/16/arts/16frida-kahlo-auctio-1/16frida-kahlo-auctio-1-mediumThreeByTwo210-v3.jpg",
                            "format": "mediumThreeByTwo210",
                            "height": 140,
                            "width": 210
                        },
                        {
                            "url": "https://static01.nyt.com/images/2021/11/16/arts/16frida-kahlo-auctio-1/16frida-kahlo-auctio-1-mediumThreeByTwo440-v3.jpg",
                            "format": "mediumThreeByTwo440",
                            "height": 293,
                            "width": 440
                        }
                    ]
                }
            ],
            "eta_id": 0
        },
        {
            "uri": "nyt://article/aabca6f4-0d20-5e5c-a36f-1fe2acda6769",
            "url": "https://www.nytimes.com/2021/11/17/us/politics/qanon-shaman-jan-6-sentenced.html",
            "id": 100000008079594,
            "asset_id": 100000008079594,
            "source": "New York Times",
            "published_date": "2021-11-17",
            "updated": "2021-11-18 10:20:54",
            "section": "U.S.",
            "subsection": "Politics",
            "nytdsection": "u.s.",
            "adx_keywords": "Storming of the US Capitol (Jan, 2021);QAnon;Right-Wing Extremism and Alt-Right;United States Politics and Government;Chansley, Jacob Anthony (Jake Angeli)",
            "column": null,
            "byline": "By Alan Feuer",
            "type": "Article",
            "title": "Jan. 6 Defendant Known as QAnon Shaman Sentenced to 41 Months",
            "abstract": "Jacob Chansley, who wore a horned helmet and a fur pelt as he stormed onto the Senate floor during the Capitol riot, had earlier pleaded guilty to a single felony count.",
            "des_facet": [
                "Storming of the US Capitol (Jan, 2021)",
                "QAnon",
                "Right-Wing Extremism and Alt-Right",
                "United States Politics and Government"
            ],
            "org_facet": [],
            "per_facet": [
                "Chansley, Jacob Anthony (Jake Angeli)"
            ],
            "geo_facet": [],
            "media": [
                {
                    "type": "image",
                    "subtype": "photo",
                    "caption": "Jacob Chansley, a former actor and Navy sailor, was one of the first rioters to break into the Capitol on Jan. 6.",
                    "copyright": "Erin Schaff/The New York Times",
                    "approved_for_syndication": 1,
                    "media-metadata": [
                        {
                            "url": "https://static01.nyt.com/images/2021/11/17/us/politics/17dc-capitol-1/merlin_182809932_75acbab5-db37-4759-8dda-b3dd9a470543-thumbStandard.jpg",
                            "format": "Standard Thumbnail",
                            "height": 75,
                            "width": 75
                        },
                        {
                            "url": "https://static01.nyt.com/images/2021/11/17/us/politics/17dc-capitol-1/merlin_182809932_75acbab5-db37-4759-8dda-b3dd9a470543-mediumThreeByTwo210.jpg",
                            "format": "mediumThreeByTwo210",
                            "height": 140,
                            "width": 210
                        },
                        {
                            "url": "https://static01.nyt.com/images/2021/11/17/us/politics/17dc-capitol-1/merlin_182809932_75acbab5-db37-4759-8dda-b3dd9a470543-mediumThreeByTwo440.jpg",
                            "format": "mediumThreeByTwo440",
                            "height": 293,
                            "width": 440
                        }
                    ]
                }
            ],
            "eta_id": 0
        },
        {
            "uri": "nyt://article/2503cd97-3d3b-592b-b1f2-04882ca55bc3",
            "url": "https://www.nytimes.com/2021/11/17/health/drug-overdoses-fentanyl-deaths.html",
            "id": 100000008079534,
            "asset_id": 100000008079534,
            "source": "New York Times",
            "published_date": "2021-11-17",
            "updated": "2021-11-18 08:57:56",
            "section": "Health",
            "subsection": "",
            "nytdsection": "health",
            "adx_keywords": "Drug Abuse and Traffic;Deaths (Fatalities);Opioids and Opiates;Fentanyl;Addiction (Psychology);Coronavirus (2019-nCoV);Anxiety and Stress;Mental Health and Disorders;Depression (Mental);your-feed-science;United States",
            "column": null,
            "byline": "By Roni Caryn Rabin",
            "type": "Article",
            "title": "Overdose Deaths Reached Record High as the Pandemic Spread",
            "abstract": "More than 100,000 Americans died from drug overdoses in the yearlong period ending in April, government researchers said.",
            "des_facet": [
                "Drug Abuse and Traffic",
                "Deaths (Fatalities)",
                "Opioids and Opiates",
                "Fentanyl",
                "Addiction (Psychology)",
                "Coronavirus (2019-nCoV)",
                "Anxiety and Stress",
                "Mental Health and Disorders",
                "Depression (Mental)",
                "your-feed-science"
            ],
            "org_facet": [],
            "per_facet": [],
            "geo_facet": [
                "United States"
            ],
            "media": [
                {
                    "type": "image",
                    "subtype": "photo",
                    "caption": "Paramedics in Brooklyn, Md., responded to a patient in cardiac arrest after an overdose in May 2020.",
                    "copyright": "Alex Edelman/Agence France-Presse — Getty Images",
                    "approved_for_syndication": 1,
                    "media-metadata": [
                        {
                            "url": "https://static01.nyt.com/images/2021/11/17/science/17virus-overdose3/17virus-overdose3-thumbStandard.jpg",
                            "format": "Standard Thumbnail",
                            "height": 75,
                            "width": 75
                        },
                        {
                            "url": "https://static01.nyt.com/images/2021/11/17/science/17virus-overdose3/17virus-overdose3-mediumThreeByTwo210.jpg",
                            "format": "mediumThreeByTwo210",
                            "height": 140,
                            "width": 210
                        },
                        {
                            "url": "https://static01.nyt.com/images/2021/11/17/science/17virus-overdose3/17virus-overdose3-mediumThreeByTwo440.jpg",
                            "format": "mediumThreeByTwo440",
                            "height": 293,
                            "width": 440
                        }
                    ]
                }
            ],
            "eta_id": 0
        },
        {
            "uri": "nyt://article/fa102828-c20a-5f7c-8685-de98792a764a",
            "url": "https://www.nytimes.com/2020/08/27/us/kyle-rittenhouse-kenosha-shooting-video.html",
            "id": 100000007309185,
            "asset_id": 100000007309185,
            "source": "New York Times",
            "published_date": "2020-08-27",
            "updated": "2021-11-16 06:23:10",
            "section": "U.S.",
            "subsection": "",
            "nytdsection": "u.s.",
            "adx_keywords": "Murders, Attempted Murders and Homicides;Demonstrations, Protests and Riots;Video Recordings, Downloads and Streaming;Rittenhouse, Kyle;Blake, Jacob (August 23, 2020 Shooting);Kenosha (Wis)",
            "column": null,
            "byline": "By Haley Willis, Muyi Xiao, Christiaan Triebert, Christoph Koettl, Stella Cooper, David Botti, John Ismay and Ainara Tiefenthäler",
            "type": "Article",
            "title": "Tracking the Suspect in the Fatal Kenosha Shootings",
            "abstract": "Footage appears to show a teenager shooting three people during protests in Wisconsin. We tracked his movements that night.",
            "des_facet": [
                "Murders, Attempted Murders and Homicides",
                "Demonstrations, Protests and Riots",
                "Video Recordings, Downloads and Streaming"
            ],
            "org_facet": [],
            "per_facet": [
                "Rittenhouse, Kyle",
                "Blake, Jacob (August 23, 2020 Shooting)"
            ],
            "geo_facet": [
                "Kenosha (Wis)"
            ],
            "media": [
                {
                    "type": "image",
                    "subtype": "photo",
                    "caption": "",
                    "copyright": "Brendan Gutenschwager, via Storyful",
                    "approved_for_syndication": 0,
                    "media-metadata": [
                        {
                            "url": "https://static01.nyt.com/images/2020/08/28/video/vid-kenosha-hp-print/vid-kenosha-hp-thumbStandard.jpg",
                            "format": "Standard Thumbnail",
                            "height": 75,
                            "width": 75
                        },
                        {
                            "url": "https://static01.nyt.com/images/2020/08/28/video/vid-kenosha-hp-print/vid-kenosha-hp-mediumThreeByTwo210.jpg",
                            "format": "mediumThreeByTwo210",
                            "height": 140,
                            "width": 210
                        },
                        {
                            "url": "https://static01.nyt.com/images/2020/08/28/video/vid-kenosha-hp-print/vid-kenosha-hp-mediumThreeByTwo440.jpg",
                            "format": "mediumThreeByTwo440",
                            "height": 293,
                            "width": 440
                        }
                    ]
                }
            ],
            "eta_id": 0
        },
        {
            "uri": "nyt://article/975ec872-e034-5d1b-8841-3dc15f59fe1e",
            "url": "https://www.nytimes.com/2021/11/04/learning/word-of-the-day-facile.html",
            "id": 100000008053998,
            "asset_id": 100000008053998,
            "source": "New York Times",
            "published_date": "2021-11-04",
            "updated": "2021-11-04 02:00:03",
            "section": "The Learning Network",
            "subsection": "",
            "nytdsection": "the learning network",
            "adx_keywords": "",
            "column": null,
            "byline": "By The Learning Network",
            "type": "Article",
            "title": "Word of the Day: facile",
            "abstract": "This word has appeared in 41 articles on NYTimes.com in the past year. Can you use it in a sentence?",
            "des_facet": [],
            "org_facet": [],
            "per_facet": [],
            "geo_facet": [],
            "media": [
                {
                    "type": "image",
                    "subtype": "photo",
                    "caption": "",
                    "copyright": "Cindy Lozito",
                    "approved_for_syndication": 0,
                    "media-metadata": [
                        {
                            "url": "https://static01.nyt.com/images/2021/11/01/learning/LN-Image-WOTD-facile/LN-Image-WOTD--02-thumbStandard.png",
                            "format": "Standard Thumbnail",
                            "height": 75,
                            "width": 75
                        },
                        {
                            "url": "https://static01.nyt.com/images/2021/11/01/learning/LN-Image-WOTD-facile/LN-Image-WOTD--02-mediumThreeByTwo210.png",
                            "format": "mediumThreeByTwo210",
                            "height": 140,
                            "width": 210
                        },
                        {
                            "url": "https://static01.nyt.com/images/2021/11/01/learning/LN-Image-WOTD-facile/LN-Image-WOTD--02-mediumThreeByTwo440.png",
                            "format": "mediumThreeByTwo440",
                            "height": 293,
                            "width": 440
                        }
                    ]
                }
            ],
            "eta_id": 0
        },
        {
            "uri": "nyt://article/2cd4d323-19c2-5e04-b653-f95b341ffffc",
            "url": "https://www.nytimes.com/2021/11/17/us/michigan-flu-outbreak.html",
            "id": 100000008080969,
            "asset_id": 100000008080969,
            "source": "New York Times",
            "published_date": "2021-11-17",
            "updated": "2021-11-17 18:11:58",
            "section": "U.S.",
            "subsection": "",
            "nytdsection": "u.s.",
            "adx_keywords": "Influenza;Vaccination and Immunization;Disease Rates;Colleges and Universities;University of Michigan;Centers for Disease Control and Prevention;Ann Arbor (Mich)",
            "column": null,
            "byline": "By Christine Chung",
            "type": "Article",
            "title": "C.D.C. Investigates Flu Outbreak at University of Michigan",
            "abstract": "There have been 528 cases of the flu on the university’s campus in Ann Arbor, a vast majority in students who have not had flu shots, school officials said.",
            "des_facet": [
                "Influenza",
                "Vaccination and Immunization",
                "Disease Rates",
                "Colleges and Universities"
            ],
            "org_facet": [
                "University of Michigan",
                "Centers for Disease Control and Prevention"
            ],
            "per_facet": [],
            "geo_facet": [
                "Ann Arbor (Mich)"
            ],
            "media": [
                {
                    "type": "image",
                    "subtype": "photo",
                    "caption": "The University of Michigan campus in Ann Arbor on Tuesday.",
                    "copyright": "Ryan Garza/Detroit Free Press, via USA Today Network",
                    "approved_for_syndication": 1,
                    "media-metadata": [
                        {
                            "url": "https://static01.nyt.com/images/2021/11/17/us/17xp-michigan/17xp-michigan-thumbStandard-v2.jpg",
                            "format": "Standard Thumbnail",
                            "height": 75,
                            "width": 75
                        },
                        {
                            "url": "https://static01.nyt.com/images/2021/11/17/us/17xp-michigan/17xp-michigan-mediumThreeByTwo210-v2.jpg",
                            "format": "mediumThreeByTwo210",
                            "height": 140,
                            "width": 210
                        },
                        {
                            "url": "https://static01.nyt.com/images/2021/11/17/us/17xp-michigan/17xp-michigan-mediumThreeByTwo440-v2.jpg",
                            "format": "mediumThreeByTwo440",
                            "height": 293,
                            "width": 440
                        }
                    ]
                }
            ],
            "eta_id": 0
        },
        {
            "uri": "nyt://article/7cd53307-a863-5527-9fc6-8e7fd3b8b849",
            "url": "https://www.nytimes.com/2021/11/16/business/return-to-office-hybrid-work.html",
            "id": 100000008063854,
            "asset_id": 100000008063854,
            "source": "New York Times",
            "published_date": "2021-11-16",
            "updated": "2021-11-17 00:02:18",
            "section": "Business",
            "subsection": "",
            "nytdsection": "business",
            "adx_keywords": "Coronavirus Reopenings;Workplace Environment;Quarantine (Life and Culture);Labor and Jobs;Telecommuting;Videophones and Videoconferencing",
            "column": null,
            "byline": "By Emma Goldberg",
            "type": "Article",
            "title": "The Worst of Both Worlds: Zooming From the Office",
            "abstract": "Work life for many is in a mushy middle ground, and what’s at stake isn’t just who is getting talked over in meetings. It’s whether flexibility is sustainable, even with all the benefits it confers.",
            "des_facet": [
                "Coronavirus Reopenings",
                "Workplace Environment",
                "Quarantine (Life and Culture)",
                "Labor and Jobs",
                "Telecommuting",
                "Videophones and Videoconferencing"
            ],
            "org_facet": [],
            "per_facet": [],
            "geo_facet": [],
            "media": [
                {
                    "type": "image",
                    "subtype": "photo",
                    "caption": "Cara Phillips, a vice president at CommonBond, in the company’s SoHo office with her dog, Pepper, adopted during the pandemic.",
                    "copyright": "Jeenah Moon for The New York Times",
                    "approved_for_syndication": 1,
                    "media-metadata": [
                        {
                            "url": "https://static01.nyt.com/images/2021/11/11/business/00HYBRID-1/00HYBRID-1-thumbStandard.jpg",
                            "format": "Standard Thumbnail",
                            "height": 75,
                            "width": 75
                        },
                        {
                            "url": "https://static01.nyt.com/images/2021/11/11/business/00HYBRID-1/merlin_197672997_ae4030c7-2d24-4cbe-9091-d5795ed63f3f-mediumThreeByTwo210.jpg",
                            "format": "mediumThreeByTwo210",
                            "height": 140,
                            "width": 210
                        },
                        {
                            "url": "https://static01.nyt.com/images/2021/11/11/business/00HYBRID-1/merlin_197672997_ae4030c7-2d24-4cbe-9091-d5795ed63f3f-mediumThreeByTwo440.jpg",
                            "format": "mediumThreeByTwo440",
                            "height": 293,
                            "width": 440
                        }
                    ]
                }
            ],
            "eta_id": 0
        },
        {
            "uri": "nyt://article/bee88d4e-d3c7-55ec-bf4a-0b109b0f7ad8",
            "url": "https://www.nytimes.com/2021/11/16/opinion/biden-inflation-spending-manchin.html",
            "id": 100000008076964,
            "asset_id": 100000008076964,
            "source": "New York Times",
            "published_date": "2021-11-16",
            "updated": "2021-11-17 15:15:35",
            "section": "Opinion",
            "subsection": "",
            "nytdsection": "opinion",
            "adx_keywords": "United States Economy;Inflation (Economics);United States Politics and Government;American Jobs Plan (2021);American Families Plan (2021);American Rescue Plan (2021);Interest Rates;Consumer Price Index;Biden, Joseph R Jr;Manchin, Joe III;Democratic Party;Federal Reserve System;United States",
            "column": null,
            "byline": "By Steven Rattner",
            "type": "Article",
            "title": "I Warned the Democrats About Inflation",
            "abstract": "Why didn’t they listen?",
            "des_facet": [
                "United States Economy",
                "Inflation (Economics)",
                "United States Politics and Government",
                "American Jobs Plan (2021)",
                "American Families Plan (2021)",
                "American Rescue Plan (2021)",
                "Interest Rates",
                "Consumer Price Index"
            ],
            "org_facet": [
                "Democratic Party",
                "Federal Reserve System"
            ],
            "per_facet": [
                "Biden, Joseph R Jr",
                "Manchin, Joe III"
            ],
            "geo_facet": [
                "United States"
            ],
            "media": [
                {
                    "type": "image",
                    "subtype": "photo",
                    "caption": "",
                    "copyright": "Photographs by Doug Mills/The New York Times",
                    "approved_for_syndication": 1,
                    "media-metadata": [
                        {
                            "url": "https://static01.nyt.com/images/2021/11/17/opinion/00rattner_2/00rattner_2-thumbStandard.jpg",
                            "format": "Standard Thumbnail",
                            "height": 75,
                            "width": 75
                        },
                        {
                            "url": "https://static01.nyt.com/images/2021/11/17/opinion/00rattner_2/00rattner_2-mediumThreeByTwo210.jpg",
                            "format": "mediumThreeByTwo210",
                            "height": 140,
                            "width": 210
                        },
                        {
                            "url": "https://static01.nyt.com/images/2021/11/17/opinion/00rattner_2/00rattner_2-mediumThreeByTwo440.jpg",
                            "format": "mediumThreeByTwo440",
                            "height": 293,
                            "width": 440
                        }
                    ]
                }
            ],
            "eta_id": 0
        },
        {
            "uri": "nyt://article/4a28a1f0-19d1-5bdf-8555-fede9d1cd688",
            "url": "https://www.nytimes.com/2021/11/16/briefing/inflation-biden-approval.html",
            "id": 100000008078598,
            "asset_id": 100000008078598,
            "source": "New York Times",
            "published_date": "2021-11-16",
            "updated": "2021-11-16 06:22:41",
            "section": "Briefing",
            "subsection": "",
            "nytdsection": "briefing",
            "adx_keywords": "",
            "column": null,
            "byline": "By Neil Irwin",
            "type": "Article",
            "title": "Who’s to Blame for Rising Prices",
            "abstract": "Why do so many things seem to cost more now?",
            "des_facet": [],
            "org_facet": [],
            "per_facet": [],
            "geo_facet": [],
            "media": [
                {
                    "type": "image",
                    "subtype": "photo",
                    "caption": "Gas prices last week in San Diego.",
                    "copyright": "Mike Blake/Reuters",
                    "approved_for_syndication": 1,
                    "media-metadata": [
                        {
                            "url": "https://static01.nyt.com/images/2021/11/16/multimedia/16ambriefing-promo/16ambriefing-inflation-thumbStandard-v2.jpg",
                            "format": "Standard Thumbnail",
                            "height": 75,
                            "width": 75
                        },
                        {
                            "url": "https://static01.nyt.com/images/2021/11/16/multimedia/16ambriefing-promo/16ambriefing-inflation-mediumThreeByTwo210-v2.jpg",
                            "format": "mediumThreeByTwo210",
                            "height": 140,
                            "width": 210
                        },
                        {
                            "url": "https://static01.nyt.com/images/2021/11/16/multimedia/16ambriefing-promo/16ambriefing-inflation-mediumThreeByTwo440-v2.jpg",
                            "format": "mediumThreeByTwo440",
                            "height": 293,
                            "width": 440
                        }
                    ]
                }
            ],
            "eta_id": 0
        },
        {
            "uri": "nyt://article/4cbaec15-b7a9-5d1e-8ddf-fbdc7aace0f3",
            "url": "https://www.nytimes.com/2021/11/16/opinion/covid-pandemic-end.html",
            "id": 100000008076912,
            "asset_id": 100000008076912,
            "source": "New York Times",
            "published_date": "2021-11-16",
            "updated": "2021-11-17 16:43:40",
            "section": "Opinion",
            "subsection": "",
            "nytdsection": "opinion",
            "adx_keywords": "Coronavirus (2019-nCoV);Vaccination and Immunization;Disease Rates;Quarantine (Life and Culture);United States",
            "column": null,
            "byline": "By Spencer Bokat-Lindell",
            "type": "Article",
            "title": "When Can the U.S. Declare Victory Over Covid?",
            "abstract": "This pandemic winter won’t be like the last one — but it won’t be “normal,” either.",
            "des_facet": [
                "Coronavirus (2019-nCoV)",
                "Vaccination and Immunization",
                "Disease Rates",
                "Quarantine (Life and Culture)"
            ],
            "org_facet": [],
            "per_facet": [],
            "geo_facet": [
                "United States"
            ],
            "media": [
                {
                    "type": "image",
                    "subtype": "photo",
                    "caption": "",
                    "copyright": "Illustration by The New York Times; photographs by RLT_Images and anusorn nakdee, via Getty Images",
                    "approved_for_syndication": 1,
                    "media-metadata": [
                        {
                            "url": "https://static01.nyt.com/images/2021/11/16/opinion/16debatable-image/16debatable-image-thumbStandard.jpg",
                            "format": "Standard Thumbnail",
                            "height": 75,
                            "width": 75
                        },
                        {
                            "url": "https://static01.nyt.com/images/2021/11/16/opinion/16debatable-image/16debatable-image-mediumThreeByTwo210.jpg",
                            "format": "mediumThreeByTwo210",
                            "height": 140,
                            "width": 210
                        },
                        {
                            "url": "https://static01.nyt.com/images/2021/11/16/opinion/16debatable-image/16debatable-image-mediumThreeByTwo440.jpg",
                            "format": "mediumThreeByTwo440",
                            "height": 293,
                            "width": 440
                        }
                    ]
                }
            ],
            "eta_id": 0
        },
        {
            "uri": "nyt://article/f1eefe3d-ef16-5ec2-a022-530b16fb95ca",
            "url": "https://www.nytimes.com/2021/11/18/nyregion/christopher-belter-rape-sentence.html",
            "id": 100000008082159,
            "asset_id": 100000008082159,
            "source": "New York Times",
            "published_date": "2021-11-18",
            "updated": "2021-11-18 16:51:22",
            "section": "New York",
            "subsection": "",
            "nytdsection": "new york",
            "adx_keywords": "Sex Crimes;Sentences (Criminal);Belter, Christopher J;Murphy, Matthew J III;Lewiston (NY)",
            "column": null,
            "byline": "By Ed Shanahan",
            "type": "Article",
            "title": "Man Is Spared Prison After Guilty Plea in Sexual Attacks on 4 Teens",
            "abstract": "The judge who sentenced the man, Christopher Belter, said that he had “agonized” over the decision but that incarceration wasn’t “appropriate.”",
            "des_facet": [
                "Sex Crimes",
                "Sentences (Criminal)"
            ],
            "org_facet": [],
            "per_facet": [
                "Belter, Christopher J",
                "Murphy, Matthew J III"
            ],
            "geo_facet": [
                "Lewiston (NY)"
            ],
            "media": [
                {
                    "type": "image",
                    "subtype": "photo",
                    "caption": "Christopher Belter in court in 2019. He was sentenced to eight years’ probation after pleading guilty to rape, attempted sexual abuse and two misdemeanors in attacks on four girls. ",
                    "copyright": "WKBW",
                    "approved_for_syndication": 1,
                    "media-metadata": [
                        {
                            "url": "https://static01.nyt.com/images/2021/11/18/nyregion/18rapesentence/18rapesentence-thumbStandard.jpg",
                            "format": "Standard Thumbnail",
                            "height": 75,
                            "width": 75
                        },
                        {
                            "url": "https://static01.nyt.com/images/2021/11/18/nyregion/18rapesentence/18rapesentence-mediumThreeByTwo210.jpg",
                            "format": "mediumThreeByTwo210",
                            "height": 140,
                            "width": 210
                        },
                        {
                            "url": "https://static01.nyt.com/images/2021/11/18/nyregion/18rapesentence/18rapesentence-mediumThreeByTwo440.jpg",
                            "format": "mediumThreeByTwo440",
                            "height": 293,
                            "width": 440
                        }
                    ]
                }
            ],
            "eta_id": 0
        },
        {
            "uri": "nyt://article/7d8c5bde-ab7a-58f2-b8d5-da80201a6009",
            "url": "https://www.nytimes.com/2021/11/12/dining/best-mashed-potatoes-recipe.html",
            "id": 100000008064225,
            "asset_id": 100000008064225,
            "source": "New York Times",
            "published_date": "2021-11-12",
            "updated": "2021-11-17 01:15:28",
            "section": "Food",
            "subsection": "",
            "nytdsection": "food",
            "adx_keywords": "Cooking and Cookbooks;Potatoes;Content Type: Service",
            "column": null,
            "byline": "By Genevieve Ko",
            "type": "Article",
            "title": "Here’s the Secret to the Best Mashed Potatoes for Thanksgiving",
            "abstract": "You’ve tried boiling, but Genevieve Ko found a better way to make this side dish fluffier — and more flavorful.",
            "des_facet": [
                "Cooking and Cookbooks",
                "Potatoes",
                "Content Type: Service"
            ],
            "org_facet": [],
            "per_facet": [],
            "geo_facet": [],
            "media": [
                {
                    "type": "image",
                    "subtype": "photo",
                    "caption": "A final sprinkle of salt — or a ladle of gravy — can add an extra savory note to mashed potatoes.",
                    "copyright": "Armando Rafael for The New York Times. Food Stylist: Mariana Velasquez. Prop Stylist:Paige Hicks.",
                    "approved_for_syndication": 1,
                    "media-metadata": [
                        {
                            "url": "https://static01.nyt.com/images/2021/11/17/dining/12Ko3/12Ko3-thumbStandard.jpg",
                            "format": "Standard Thumbnail",
                            "height": 75,
                            "width": 75
                        },
                        {
                            "url": "https://static01.nyt.com/images/2021/11/17/dining/12Ko3/merlin_197633112_ff071fb5-5987-4158-98fe-af2cf0a14be4-mediumThreeByTwo210.jpg",
                            "format": "mediumThreeByTwo210",
                            "height": 140,
                            "width": 210
                        },
                        {
                            "url": "https://static01.nyt.com/images/2021/11/17/dining/12Ko3/merlin_197633112_ff071fb5-5987-4158-98fe-af2cf0a14be4-mediumThreeByTwo440.jpg",
                            "format": "mediumThreeByTwo440",
                            "height": 293,
                            "width": 440
                        }
                    ]
                }
            ],
            "eta_id": 0
        },
        {
            "uri": "nyt://article/8cf0390d-8571-52c3-95fe-1d205874c2c4",
            "url": "https://www.nytimes.com/2021/11/16/us/politics/2022-midterm-elections.html",
            "id": 100000008073970,
            "asset_id": 100000008073970,
            "source": "New York Times",
            "published_date": "2021-11-16",
            "updated": "2021-11-16 18:57:49",
            "section": "U.S.",
            "subsection": "Politics",
            "nytdsection": "u.s.",
            "adx_keywords": "United States Politics and Government;Elections, House of Representatives;Midterm Elections (2022);Democratic Party;Republican Party;Ohio",
            "column": null,
            "byline": "By Nate Cohn",
            "type": "Article",
            "title": "Want a Clue About the 2022 Midterm Elections? Look at 2 Ohio Races.",
            "abstract": "Neither race received much national attention, but there’s a long history of special election results foreshadowing the next general election.",
            "des_facet": [
                "United States Politics and Government",
                "Elections, House of Representatives",
                "Midterm Elections (2022)"
            ],
            "org_facet": [
                "Democratic Party",
                "Republican Party"
            ],
            "per_facet": [],
            "geo_facet": [
                "Ohio"
            ],
            "media": [
                {
                    "type": "image",
                    "subtype": "photo",
                    "caption": "Shontel Brown, center, a Democratic candidate for Congress, won the special election in Ohio’s 11th district by 58 points.",
                    "copyright": "Stefani Reynolds for The New York Times",
                    "approved_for_syndication": 1,
                    "media-metadata": [
                        {
                            "url": "https://static01.nyt.com/images/2021/11/16/us/politics/16onpolitics-pm-newsletter-1/16onpolitics-pm-newsletter-1-thumbStandard.jpg",
                            "format": "Standard Thumbnail",
                            "height": 75,
                            "width": 75
                        },
                        {
                            "url": "https://static01.nyt.com/images/2021/11/16/us/politics/16onpolitics-pm-newsletter-1/merlin_197344734_24889da0-e8bd-4114-b911-16d271ab0708-mediumThreeByTwo210.jpg",
                            "format": "mediumThreeByTwo210",
                            "height": 140,
                            "width": 210
                        },
                        {
                            "url": "https://static01.nyt.com/images/2021/11/16/us/politics/16onpolitics-pm-newsletter-1/merlin_197344734_24889da0-e8bd-4114-b911-16d271ab0708-mediumThreeByTwo440.jpg",
                            "format": "mediumThreeByTwo440",
                            "height": 293,
                            "width": 440
                        }
                    ]
                }
            ],
            "eta_id": 0
        },
        {
            "uri": "nyt://article/9a31e5f6-eec8-5fc7-b0f0-f8c480bd96d3",
            "url": "https://www.nytimes.com/2021/11/15/arts/music/taylor-swift-all-too-well.html",
            "id": 100000008076412,
            "asset_id": 100000008076412,
            "source": "New York Times",
            "published_date": "2021-11-15",
            "updated": "2021-11-17 15:16:50",
            "section": "Arts",
            "subsection": "Music",
            "nytdsection": "arts",
            "adx_keywords": "Pop and Rock Music;Swift, Taylor",
            "column": null,
            "byline": "By Lindsay Zoladz",
            "type": "Article",
            "title": "Taylor Swift’s ‘All Too Well’ and the Weaponization of Memory",
            "abstract": "The new 10-minute version of a bitter breakup song from 2012 luxuriates in its details and its supersize length, correcting a power imbalance in the relationship it describes.",
            "des_facet": [
                "Pop and Rock Music"
            ],
            "org_facet": [],
            "per_facet": [
                "Swift, Taylor"
            ],
            "geo_facet": [],
            "media": [
                {
                    "type": "image",
                    "subtype": "photo",
                    "caption": "Taylor Swift performed her full 10-minute “All Too Well” on “Saturday Night Live” as the short film she directed for it played behind her.",
                    "copyright": "Will Heath/NBC",
                    "approved_for_syndication": 0,
                    "media-metadata": [
                        {
                            "url": "https://static01.nyt.com/images/2021/11/16/arts/15taylor-notebook1/15taylor-notebook1-thumbStandard.jpg",
                            "format": "Standard Thumbnail",
                            "height": 75,
                            "width": 75
                        },
                        {
                            "url": "https://static01.nyt.com/images/2021/11/16/arts/15taylor-notebook1/merlin_197864493_14b6150a-b626-43ed-ad2e-2429a79a1192-mediumThreeByTwo210.jpg",
                            "format": "mediumThreeByTwo210",
                            "height": 140,
                            "width": 210
                        },
                        {
                            "url": "https://static01.nyt.com/images/2021/11/16/arts/15taylor-notebook1/merlin_197864493_14b6150a-b626-43ed-ad2e-2429a79a1192-mediumThreeByTwo440.jpg",
                            "format": "mediumThreeByTwo440",
                            "height": 293,
                            "width": 440
                        }
                    ]
                }
            ],
            "eta_id": 0
        },
        {
            "uri": "nyt://article/a5849265-e829-56f0-a6fb-33c094e1c858",
            "url": "https://www.nytimes.com/2021/11/17/us/covid-relief-fraud-fugitives.html",
            "id": 100000008080620,
            "asset_id": 100000008080620,
            "source": "New York Times",
            "published_date": "2021-11-17",
            "updated": "2021-11-18 00:15:58",
            "section": "U.S.",
            "subsection": "",
            "nytdsection": "u.s.",
            "adx_keywords": "Coronavirus (2019-nCoV);Frauds and Swindling;Ayvazyan, Richard;Terabelian, Marietta;Ayvazyan, Artur",
            "column": null,
            "byline": "By Maria Cramer",
            "type": "Article",
            "title": "A couple convicted of stealing Covid funds is on the run, the F.B.I. says.",
            "abstract": "Richard Ayvazyan and his wife, Marietta Terabelian, cut their monitoring bracelets and fled in August, the agency said. On Monday, they were sentenced in absentia.",
            "des_facet": [
                "Coronavirus (2019-nCoV)",
                "Frauds and Swindling"
            ],
            "org_facet": [],
            "per_facet": [
                "Ayvazyan, Richard",
                "Terabelian, Marietta",
                "Ayvazyan, Artur"
            ],
            "geo_facet": [],
            "media": [
                {
                    "type": "image",
                    "subtype": "photo",
                    "caption": "Richard Ayvazyan, who was convicted in a scheme to steal $20 million in Covid-19 relief funds, at the federal courthouse in Los Angeles in June.",
                    "copyright": "Gary Coronado/Los Angeles Times, via Getty Images",
                    "approved_for_syndication": 1,
                    "media-metadata": [
                        {
                            "url": "https://static01.nyt.com/images/2021/11/17/us/17virus-briefing-fraud/17virus-briefing-fraud-thumbStandard.jpg",
                            "format": "Standard Thumbnail",
                            "height": 75,
                            "width": 75
                        },
                        {
                            "url": "https://static01.nyt.com/images/2021/11/17/us/17virus-briefing-fraud/17virus-briefing-fraud-mediumThreeByTwo210.jpg",
                            "format": "mediumThreeByTwo210",
                            "height": 140,
                            "width": 210
                        },
                        {
                            "url": "https://static01.nyt.com/images/2021/11/17/us/17virus-briefing-fraud/17virus-briefing-fraud-mediumThreeByTwo440.jpg",
                            "format": "mediumThreeByTwo440",
                            "height": 293,
                            "width": 440
                        }
                    ]
                }
            ],
            "eta_id": 0
        }
    ]
}
